{
    "$schema": "https://schema.management.azure.com/schemas/2015-01-01/deploymentParameters.json#",
    "contentVersion": "1.0.0.0",
    "parameters": {
        "databaseAccounts_cosmosunittest1mongo_name": {
            "value": null
        },
        "databaseAccounts_sai_cosmostest_name": {
            "value": null
        },
        "extensions_Microsoft.Insights.VMDiagnosticsSettings_storageAccountName": {
            "value": null
        },
        "extensions_Microsoft.Insights.VMDiagnosticsSettings_storageAccountKey": {
            "value": null
        },
        "extensions_VMAcessForLinux_username": {
            "value": null
        },
        "extensions_VMAcessForLinux_password": {
            "value": null
        },
        "extensions_VMAcessForLinux_ssh_key": {
            "value": null
        },
        "extensions_VMAcessForLinux_reset_ssh": {
            "value": null
        },
        "extensions_VMAcessForLinux_remove_user": {
            "value": null
        },
        "extensions_VMAcessForLinux_expiration": {
            "value": null
        },
        "extensions_Microsoft.Insights.VMDiagnosticsSettings_storageAccountName_1": {
            "value": null
        },
        "extensions_Microsoft.Insights.VMDiagnosticsSettings_storageAccountKey_1": {
            "value": null
        },
        "extensions_VMAcessForLinux_username_1": {
            "value": null
        },
        "extensions_VMAcessForLinux_password_1": {
            "value": null
        },
        "extensions_VMAcessForLinux_ssh_key_1": {
            "value": null
        },
        "extensions_VMAcessForLinux_reset_ssh_1": {
            "value": null
        },
        "extensions_VMAcessForLinux_remove_user_1": {
            "value": null
        },
        "extensions_VMAcessForLinux_expiration_1": {
            "value": null
        },
        "extensions_Microsoft.Insights.VMDiagnosticsSettings_storageAccountName_2": {
            "value": null
        },
        "extensions_Microsoft.Insights.VMDiagnosticsSettings_storageAccountKey_2": {
            "value": null
        },
        "extensions_VMAcessForLinux_username_2": {
            "value": null
        },
        "extensions_VMAcessForLinux_password_2": {
            "value": null
        },
        "extensions_VMAcessForLinux_ssh_key_2": {
            "value": null
        },
        "extensions_VMAcessForLinux_reset_ssh_2": {
            "value": null
        },
        "extensions_VMAcessForLinux_remove_user_2": {
            "value": null
        },
        "extensions_VMAcessForLinux_expiration_2": {
            "value": null
        },
        "servers_sai_paas_sql_ad_name": {
            "value": null
        },
        "availabilitySets_myapp_as_name": {
            "value": null
        },
        "storageAccounts_sailabdiag_name": {
            "value": null
        },
        "availabilitySets_sai_app_as_name": {
            "value": null
        },
        "virtualMachines_myappnxlab1_name": {
            "value": null
        },
        "virtualMachines_myappguilab2_name": {
            "value": null
        },
        "virtualMachines_saiduplolab1_name": {
            "value": null
        },
        "virtualNetworks_sai_lab_vnet_name": {
            "value": null
        },
        "availabilitySets_myapp_web_as_name": {
            "value": null
        },
        "networkInterfaces_myappnxlab1nic_name": {
            "value": null
        },
        "networkInterfaces_myappguilab2nic_name": {
            "value": null
        },
        "networkInterfaces_saiduplolab1nic_name": {
            "value": null
        },
        "virtualMachines_sai_centos_jenkins_name": {
            "value": null
        },
        "databaseAccounts_sai_cosmostest_name_1": {
            "value": null
        },
        "databases_master_name": {
            "value": null
        },
        "networkInterfaces_sai_centos_jenkins184_name": {
            "value": null
        },
        "keys_ServiceManaged_name": {
            "value": null
        },
        "databaseAccounts_cosmosunittest1mongo_name_1": {
            "value": null
        },
        "networkSecurityGroups_sai_centos_jenkins_nsg_name": {
            "value": null
        },
        "subnets_default_name": {
            "value": null
        },
        "auditingPolicies_Default_name": {
            "value": null
        },
        "encryptionProtector_current_name": {
            "value": null
        },
        "elasticPools_sai_paas_sql_ad_name": {
            "value": null
        },
        "extensions_VMAcessForLinux_name": {
            "value": null
        },
        "extensions_VMAcessForLinux_name_1": {
            "value": null
        },
        "extensions_VMAcessForLinux_name_2": {
            "value": null
        },
        "firewallRules_AllowAllWindowsAzureIps_name": {
            "value": null
        },
        "backupLongTermRetentionVaults_RegisteredVault_name": {
            "value": null
        },
        "securityRules_default_allow_ssh_name": {
            "value": null
        },
        "extensions_Microsoft.Insights.VMDiagnosticsSettings_name": {
            "value": null
        },
        "extensions_Microsoft.Insights.VMDiagnosticsSettings_name_1": {
            "value": null
        },
        "extensions_Microsoft.Insights.VMDiagnosticsSettings_name_2": {
            "value": null
        },
        "virtualMachines_myappguilab2_id": {
            "value": null
        },
        "virtualMachines_myappnxlab1_id": {
            "value": null
        },
        "virtualMachines_sai_centos_jenkins_id": {
            "value": null
        },
        "virtualMachines_saiduplolab1_id": {
            "value": null
        },
        "networkInterfaces_myappguilab2nic_id": {
            "value": null
        },
        "networkInterfaces_myappnxlab1nic_id": {
            "value": null
        },
        "networkInterfaces_saiduplolab1nic_id": {
            "value": null
        }
    }
}