{
    "$schema": "https://schema.management.azure.com/schemas/2015-01-01/deploymentParameters.json#",
    "contentVersion": "1.0.0.0",
    "parameters": {
        "databaseAccounts_sandhyatestid_name": {
            "value": null
        },
        "extensions_CustomScriptExtension_commandToExecute": {
            "value": null
        },
        "extensions_Microsoft.Insights.VMDiagnosticsSettings_storageAccountName": {
            "value": null
        },
        "extensions_Microsoft.Insights.VMDiagnosticsSettings_storageAccountKey": {
            "value": null
        },
        "extensions_Microsoft.Insights.VMDiagnosticsSettings_storageAccountEndPoint": {
            "value": null
        },
        "extensions_CustomScriptExtension_commandToExecute_1": {
            "value": null
        },
        "extensions_Microsoft.Insights.VMDiagnosticsSettings_storageAccountName_1": {
            "value": null
        },
        "extensions_Microsoft.Insights.VMDiagnosticsSettings_storageAccountKey_1": {
            "value": null
        },
        "extensions_Microsoft.Insights.VMDiagnosticsSettings_storageAccountEndPoint_1": {
            "value": null
        },
        "extensions_Microsoft.Insights.VMDiagnosticsSettings_storageAccountName_2": {
            "value": null
        },
        "extensions_Microsoft.Insights.VMDiagnosticsSettings_storageAccountKey_2": {
            "value": null
        },
        "extensions_VMAcessForLinux_username": {
            "value": null
        },
        "extensions_VMAcessForLinux_password": {
            "value": null
        },
        "extensions_VMAcessForLinux_ssh_key": {
            "value": null
        },
        "extensions_VMAcessForLinux_reset_ssh": {
            "value": null
        },
        "extensions_VMAcessForLinux_remove_user": {
            "value": null
        },
        "extensions_VMAcessForLinux_expiration": {
            "value": null
        },
        "extensions_Microsoft.Insights.VMDiagnosticsSettings_storageAccountName_3": {
            "value": null
        },
        "extensions_Microsoft.Insights.VMDiagnosticsSettings_storageAccountKey_3": {
            "value": null
        },
        "extensions_VMAcessForLinux_username_1": {
            "value": null
        },
        "extensions_VMAcessForLinux_password_1": {
            "value": null
        },
        "extensions_VMAcessForLinux_ssh_key_1": {
            "value": null
        },
        "extensions_VMAcessForLinux_reset_ssh_1": {
            "value": null
        },
        "extensions_VMAcessForLinux_remove_user_1": {
            "value": null
        },
        "extensions_VMAcessForLinux_expiration_1": {
            "value": null
        },
        "servers_sandhyaserver_name": {
            "value": null
        },
        "disks_sandhyaflyway_name": {
            "value": null
        },
        "virtualMachines_ag1_name": {
            "value": null
        },
        "virtualMachines_ag2_name": {
            "value": null
        },
        "vaults_sandhyatest_name": {
            "value": null
        },
        "loadBalancers_sqlaglb_name": {
            "value": null
        },
        "servers_sandhyatestserver_name": {
            "value": null
        },
        "virtualMachines_sanlinux_name": {
            "value": null
        },
        "networkInterfaces_ag1nic_name": {
            "value": null
        },
        "networkInterfaces_ag2nic_name": {
            "value": null
        },
        "networkInterfaces_node15_name": {
            "value": null
        },
        "networkInterfaces_node16_name": {
            "value": null
        },
        "loadBalancers_sandhyatest_name": {
            "value": null
        },
        "networkInterfaces_node265_name": {
            "value": null
        },
        "networkInterfaces_node364_name": {
            "value": null
        },
        "networkInterfaces_node399_name": {
            "value": null
        },
        "storageAccounts_sqllabdiag_name": {
            "value": null
        },
        "availabilitySets_sql_test_as_name": {
            "value": null
        },
        "loadBalancers_sandhyasqltest_name": {
            "value": null
        },
        "availabilitySets_myapp_app_as_name": {
            "value": null
        },
        "networkInterfaces_sanlinuxnic_name": {
            "value": null
        },
        "networkInterfaces_windows1167_name": {
            "value": null
        },
        "networkInterfaces_windows2395_name": {
            "value": null
        },
        "networkInterfaces_windows3334_name": {
            "value": null
        },
        "storageAccounts_samplelabdiag_name": {
            "value": null
        },
        "availabilitySets_myapp_data_as_name": {
            "value": null
        },
        "virtualMachines_sandhyaomstest_name": {
            "value": null
        },
        "storageAccounts_sandhyalabdiag_name": {
            "value": null
        },
        "availabilitySets_sample_data_as_name": {
            "value": null
        },
        "availabilitySets_sandhya_web_as_name": {
            "value": null
        },
        "availabilitySets_sql_testlab_as_name": {
            "value": null
        },
        "availabilitySets_sandhya_data_as_name": {
            "value": null
        },
        "availabilitySets_sql_testlab1_as_name": {
            "value": null
        },
        "availabilitySets_sql_testlab2_as_name": {
            "value": null
        },
        "networkInterfaces_sandhyalabs365_name": {
            "value": null
        },
        "databaseAccounts_sandhyatestid_name_1": {
            "value": null
        },
        "networkInterfaces_sampledblabnic1_name": {
            "value": null
        },
        "networkInterfaces_sandhyalabs1277_name": {
            "value": null
        },
        "storageAccounts_sandhyalabdiag365_name": {
            "value": null
        },
        "storageAccounts_sandhyalabdiag433_name": {
            "value": null
        },
        "storageAccounts_sandhyalabdiag944_name": {
            "value": null
        },
        "databases_sandb_name": {
            "value": null
        },
        "databases_test1_name": {
            "value": null
        },
        "databases_test3_name": {
            "value": null
        },
        "databases_test4_name": {
            "value": null
        },
        "databases_test2_name": {
            "value": null
        },
        "availabilitySets_sandhyatest_db_as_name": {
            "value": null
        },
        "availabilitySets_sandhyatest_fe_as_name": {
            "value": null
        },
        "networkInterfaces_sandhyaflywaynic_name": {
            "value": null
        },
        "storageAccounts_sandhyalabdisks413_name": {
            "value": null
        },
        "storageAccounts_sandhyalabdisks563_name": {
            "value": null
        },
        "storageAccounts_sandhyalabdisks708_name": {
            "value": null
        },
        "storageAccounts_sandhyalabdisks827_name": {
            "value": null
        },
        "databases_master_name": {
            "value": null
        },
        "availabilitySets_sqlavailabilityset_name": {
            "value": null
        },
        "networkInterfaces_sandhyaomstestnic_name": {
            "value": null
        },
        "servers_sandhyatestanalysis_name": {
            "value": null
        },
        "storageAccounts_test234samplestorage_name": {
            "value": null
        },
        "firewallRules_prod_name": {
            "value": null
        },
        "databases_sandhyadb_name": {
            "value": null
        },
        "firewallRules_Lab_3_name": {
            "value": null
        },
        "firewallRules_Stage_name": {
            "value": null
        },
        "keys_ServiceManaged_name": {
            "value": null
        },
        "databases_test1_name_1": {
            "value": null
        },
        "databases_test2_name_1": {
            "value": null
        },
        "databases_sandhyadb1_name": {
            "value": null
        },
        "firewallRules_HO_NAT_name": {
            "value": null
        },
        "databases_master_name_1": {
            "value": null
        },
        "storageAccounts_sandhyalabnmblobstorage_name": {
            "value": null
        },
        "firewallRules_prod_name_1": {
            "value": null
        },
        "databases_sandhyatestdb_name": {
            "value": null
        },
        "firewallRules_Tier0_dev_name": {
            "value": null
        },
        "firewallRules_Lab_3_name_1": {
            "value": null
        },
        "firewallRules_Stage_name_1": {
            "value": null
        },
        "keys_ServiceManaged_name_1": {
            "value": null
        },
        "auditingPolicies_Default_name": {
            "value": null
        },
        "firewallRules_Tier0_prod_name": {
            "value": null
        },
        "firewallRules_Tier0_test_name": {
            "value": null
        },
        "firewallRules_HO_NAT_name_1": {
            "value": null
        },
        "firewallRules_NM_FW_Egress_name": {
            "value": null
        },
        "firewallRules_NM_Guest_old_name": {
            "value": null
        },
        "extensions_enablevmaccess_name": {
            "value": null
        },
        "encryptionProtector_current_name": {
            "value": null
        },
        "firewallRules_Tier0_dev_name_1": {
            "value": null
        },
        "firewallRules_Azure_stage_ip_name": {
            "value": null
        },
        "auditingPolicies_Default_name_1": {
            "value": null
        },
        "firewallRules_Tier0_prod_name_1": {
            "value": null
        },
        "firewallRules_Tier0_test_name_1": {
            "value": null
        },
        "firewallRules_NM_Guest_Primary_name": {
            "value": null
        },
        "firewallRules_NM_FW_Egress_name_1": {
            "value": null
        },
        "firewallRules_NM_Guest_old_name_1": {
            "value": null
        },
        "firewallRules_NM_Zscalar_Egress_name": {
            "value": null
        },
        "encryptionProtector_current_name_1": {
            "value": null
        },
        "firewallRules_NM_Guest_Secondary_name": {
            "value": null
        },
        "extensions_VMAcessForLinux_name": {
            "value": null
        },
        "extensions_CustomScriptExtension_name": {
            "value": null
        },
        "extensions_CustomScriptExtension_name_1": {
            "value": null
        },
        "advisors_DropIndex_name": {
            "value": null
        },
        "advisors_DropIndex_name_1": {
            "value": null
        },
        "advisors_DropIndex_name_2": {
            "value": null
        },
        "advisors_DropIndex_name_3": {
            "value": null
        },
        "advisors_DropIndex_name_4": {
            "value": null
        },
        "firewallRules_NM_Guest_Primary_name_1": {
            "value": null
        },
        "firewallRules_NM_Zscalar_Egress_name_1": {
            "value": null
        },
        "advisors_CreateIndex_name": {
            "value": null
        },
        "advisors_SchemaIssue_name": {
            "value": null
        },
        "advisors_CreateIndex_name_1": {
            "value": null
        },
        "advisors_SchemaIssue_name_1": {
            "value": null
        },
        "advisors_CreateIndex_name_2": {
            "value": null
        },
        "advisors_SchemaIssue_name_2": {
            "value": null
        },
        "advisors_CreateIndex_name_3": {
            "value": null
        },
        "advisors_SchemaIssue_name_3": {
            "value": null
        },
        "advisors_CreateIndex_name_4": {
            "value": null
        },
        "advisors_SchemaIssue_name_4": {
            "value": null
        },
        "firewallRules_NM_Guest_Secondary_name_1": {
            "value": null
        },
        "advisors_DropIndex_name_5": {
            "value": null
        },
        "extensions_VMAcessForLinux_name_1": {
            "value": null
        },
        "auditingPolicies_Default_name_2": {
            "value": null
        },
        "auditingPolicies_Default_name_3": {
            "value": null
        },
        "auditingPolicies_Default_name_4": {
            "value": null
        },
        "auditingPolicies_Default_name_5": {
            "value": null
        },
        "auditingPolicies_Default_name_6": {
            "value": null
        },
        "advisors_CreateIndex_name_5": {
            "value": null
        },
        "advisors_SchemaIssue_name_5": {
            "value": null
        },
        "geoBackupPolicies_Default_name": {
            "value": null
        },
        "geoBackupPolicies_Default_name_1": {
            "value": null
        },
        "geoBackupPolicies_Default_name_2": {
            "value": null
        },
        "geoBackupPolicies_Default_name_3": {
            "value": null
        },
        "geoBackupPolicies_Default_name_4": {
            "value": null
        },
        "advisors_ForceLastGoodPlan_name": {
            "value": null
        },
        "advisors_ForceLastGoodPlan_name_1": {
            "value": null
        },
        "advisors_ForceLastGoodPlan_name_2": {
            "value": null
        },
        "advisors_ForceLastGoodPlan_name_3": {
            "value": null
        },
        "advisors_ForceLastGoodPlan_name_4": {
            "value": null
        },
        "advisors_DbParameterization_name": {
            "value": null
        },
        "advisors_DbParameterization_name_1": {
            "value": null
        },
        "advisors_DbParameterization_name_2": {
            "value": null
        },
        "advisors_DbParameterization_name_3": {
            "value": null
        },
        "advisors_DbParameterization_name_4": {
            "value": null
        },
        "auditingPolicies_Default_name_7": {
            "value": null
        },
        "auditingPolicies_Default_name_8": {
            "value": null
        },
        "auditingPolicies_Default_name_9": {
            "value": null
        },
        "backupLongTermRetentionVaults_RegisteredVault_name": {
            "value": null
        },
        "geoBackupPolicies_Default_name_5": {
            "value": null
        },
        "auditingPolicies_Default_name_10": {
            "value": null
        },
        "geoBackupPolicies_Default_name_6": {
            "value": null
        },
        "geoBackupPolicies_Default_name_7": {
            "value": null
        },
        "geoBackupPolicies_Default_name_8": {
            "value": null
        },
        "advisors_ForceLastGoodPlan_name_5": {
            "value": null
        },
        "advisors_DbParameterization_name_5": {
            "value": null
        },
        "auditingPolicies_Default_name_11": {
            "value": null
        },
        "transparentDataEncryption_current_name": {
            "value": null
        },
        "transparentDataEncryption_current_name_1": {
            "value": null
        },
        "transparentDataEncryption_current_name_2": {
            "value": null
        },
        "geoBackupPolicies_Default_name_9": {
            "value": null
        },
        "transparentDataEncryption_current_name_3": {
            "value": null
        },
        "transparentDataEncryption_current_name_4": {
            "value": null
        },
        "backupLongTermRetentionVaults_RegisteredVault_name_1": {
            "value": null
        },
        "extensions_Microsoft.Insights.VMDiagnosticsSettings_name": {
            "value": null
        },
        "extensions_Microsoft.Insights.VMDiagnosticsSettings_name_1": {
            "value": null
        },
        "transparentDataEncryption_current_name_5": {
            "value": null
        },
        "transparentDataEncryption_current_name_6": {
            "value": null
        },
        "transparentDataEncryption_current_name_7": {
            "value": null
        },
        "transparentDataEncryption_current_name_8": {
            "value": null
        },
        "backupLongTermRetentionPolicies_Default_name": {
            "value": null
        },
        "backupLongTermRetentionPolicies_Default_name_1": {
            "value": null
        },
        "backupLongTermRetentionPolicies_Default_name_2": {
            "value": null
        },
        "backupLongTermRetentionPolicies_Default_name_3": {
            "value": null
        },
        "backupLongTermRetentionPolicies_Default_name_4": {
            "value": null
        },
        "transparentDataEncryption_current_name_9": {
            "value": null
        },
        "extensions_Microsoft.Insights.VMDiagnosticsSettings_name_2": {
            "value": null
        },
        "backupLongTermRetentionPolicies_Default_name_5": {
            "value": null
        },
        "backupLongTermRetentionPolicies_Default_name_6": {
            "value": null
        },
        "backupLongTermRetentionPolicies_Default_name_7": {
            "value": null
        },
        "backupLongTermRetentionPolicies_Default_name_8": {
            "value": null
        },
        "backupLongTermRetentionPolicies_Default_name_9": {
            "value": null
        },
        "extensions_Microsoft.Insights.VMDiagnosticsSettings_name_3": {
            "value": null
        },
        "virtualMachines_ag1_id": {
            "value": null
        },
        "virtualMachines_ag1_id_1": {
            "value": null
        },
        "virtualMachines_ag1_id_2": {
            "value": null
        },
        "virtualMachines_ag2_id": {
            "value": null
        },
        "virtualMachines_ag2_id_1": {
            "value": null
        },
        "virtualMachines_ag2_id_2": {
            "value": null
        },
        "virtualMachines_sandhyaomstest_id": {
            "value": null
        },
        "virtualMachines_sandhyaomstest_id_1": {
            "value": null
        },
        "virtualMachines_sandhyaomstest_id_2": {
            "value": null
        },
        "virtualMachines_sanlinux_id": {
            "value": null
        },
        "loadBalancers_sandhyasqltest_id": {
            "value": null
        },
        "loadBalancers_sandhyasqltest_id_1": {
            "value": null
        },
        "loadBalancers_sandhyasqltest_id_2": {
            "value": null
        },
        "loadBalancers_sandhyasqltest_id_3": {
            "value": null
        },
        "loadBalancers_sandhyatest_id": {
            "value": null
        },
        "loadBalancers_sandhyatest_id_1": {
            "value": null
        },
        "loadBalancers_sandhyatest_id_2": {
            "value": null
        },
        "loadBalancers_sandhyatest_id_3": {
            "value": null
        },
        "loadBalancers_sqlaglb_id": {
            "value": null
        },
        "loadBalancers_sqlaglb_id_1": {
            "value": null
        },
        "loadBalancers_sqlaglb_id_2": {
            "value": null
        },
        "loadBalancers_sqlaglb_id_3": {
            "value": null
        },
        "networkInterfaces_ag1nic_id": {
            "value": null
        },
        "networkInterfaces_ag2nic_id": {
            "value": null
        },
        "networkInterfaces_node15_id": {
            "value": null
        },
        "networkInterfaces_node16_id": {
            "value": null
        },
        "networkInterfaces_node265_id": {
            "value": null
        },
        "networkInterfaces_node364_id": {
            "value": null
        },
        "networkInterfaces_node399_id": {
            "value": null
        },
        "networkInterfaces_sampledblabnic1_id": {
            "value": null
        },
        "networkInterfaces_sandhyaflywaynic_id": {
            "value": null
        },
        "networkInterfaces_sandhyalabs1277_id": {
            "value": null
        },
        "networkInterfaces_sandhyalabs365_id": {
            "value": null
        },
        "networkInterfaces_sandhyaomstestnic_id": {
            "value": null
        },
        "networkInterfaces_sanlinuxnic_id": {
            "value": null
        },
        "networkInterfaces_windows1167_id": {
            "value": null
        },
        "networkInterfaces_windows2395_id": {
            "value": null
        },
        "networkInterfaces_windows3334_id": {
            "value": null
        }
    }
}